<?xml version="1.0" encoding="UTF-8"?>
<project-private xmlns="http://www.netbeans.org/ns/project-private/1">
    <editor-bookmarks xmlns="http://www.netbeans.org/ns/editor-bookmarks/2" lastBookmarkId="0"/>
    <open-files xmlns="http://www.netbeans.org/ns/projectui-open-files/2">
        <group>
            <file>file:/C:/Users/safik/Documents/NetBeansProjects/Garden/src/garden/Login.java</file>
            <file>file:/C:/Users/safik/Documents/NetBeansProjects/Garden/src/garden/utama.java</file>
            <file>file:/C:/Users/safik/Documents/NetBeansProjects/Garden/src/garden/signup.java</file>
        </group>
    </open-files>
</project-private>
